Address_Hash,Customer_ID
2de1c9634aceb5ff293c5e53b805f1bd,7590-VHVEG
b7c20b8b4f4bd307ce0f46fe84d01fd5,5575-GNVDE
65d7e9c77fb516f74fd19041d379fe24,3668-QPYBK
fa8d22577213eb8133ca8627ebea7a57,7795-CFOCW
004e96ce57124f89c94c6a91e171b4f4,9237-HQITU
be4f0641e316ef8483333870e9eb4fb1,9305-CDSKC
cde4ac735090f0cf20d2ea3ebda60b20,1452-KIOVK
3cae51f367a31adfe0c0ee2499ea299e,6713-OKOMC
59c3da9e88941bd752a606d403f31b89,7892-POOKP
11c64ab08a445fd9ddd554764ce4bf0f,6388-TABGU
eefc0e23fab7c59fd985f8ccc3d5116a,9763-GRSKD
3c6f8cc95c1abce9632f9d61b4c52628,7469-LKBCI
e011b45b117cc55f549119cf088f9a42,8091-TTVAX
00aed2c46123e601bfe02158e16439f4,0280-XJGEX
92d2b34a02688647dff6deb9c40d4211,5129-JLPIS
a9a443d3dc274453d055ea6cedd32cb6,3655-SNQYZ
ba8ea92c2048b17ccec0bf0e0612d7ed,8191-XWSZG
1673fea3e4aa4102496688b00c90bce1,9959-WOFKT
a5f303e15b5860cc068db976318ba5a3,4190-MFLUW
956571fde684b85ad5cd14f2942c75e6,4183-MYFRB
10da93d95e82376dc32c8a3985e31bf1,8779-QRDMV
3bd93781a75d52a1ec76cea2b717b785,1680-VDCWW
708dc7106e18273772fbf7a915a4d62d,1066-JKSGK
b03a453dbc07bf11a9e8676c4e01c063,3638-WEABW
e015d515284bbaac45a0c8d6eeece303,6322-HRPFA
53dad69cd8390722f94f3c06352aa648,6865-JZNKO
f511cc70db17286bc644beccd8243c56,6467-CHFZW
895c5ff0aa11d17a9a0b82b1ff20d5cf,8665-UTDHZ
48b98ee8a395cf2bae5c5efe7a76a2ab,5248-YGIJN